country,regulatory_intensity_index,strategic_orientation_index,institutional_complexity_index,governance_density_index,normative_orientation_index
United States,-0.15140569393178968,-0.812811328501516,-0.18872500092139616,4.872456052739814,2.5457590472621354
European Union,1.189807711320726,-1.1935056158017603,0.4872499788081417,2.4135296076226074,1.7778269019136437
United Kingdom,0.26125583763368415,-0.2059776319278136,-0.06075775534150209,2.0219162616476236,0.6657358050145333
Germany,0.19310195943067257,-1.0158258987449593,0.44474180308582517,0.5276980083644619,0.5840407003284105
Spain,-0.23676318228408993,0.23994562636537356,0.5045934830535099,0.4944394770755786,0.10856436481266767
Australia,0.37813367445889623,-0.5159422398218054,-0.3828676956170708,0.7523989753461362,0.33797629743680435
Saudi Arabia,0.48305510590779605,-1.1773661594171556,1.2246221815291416,0.055726337400075265,0.6047642476582132
Malta,-0.05387385214356004,-0.061973169979698234,-0.13997934030145007,0.13157431527100785,0.2143040819978278
Türkiye,-0.878726146023826,2.2627815711129444,-0.1618774493280804,1.4808722252618864,-0.5551351165519927
Singapore,-0.05560308267316029,-0.17404684844540644,-0.3922515561556663,-0.0008111396555895803,0.17881042777037834
Japan,0.75290858861318,-0.7567369667015454,0.6320931406479248,0.5847144056634864,0.5643782545601967
France,0.2886047578462255,-0.23804912005181617,0.049793048181297345,0.026607816990567173,0.20903168896653226
China,-0.20655616656199444,-0.612042774164294,-0.14397436691280144,-0.30275529098601806,0.40865598492473804
Austria,0.05821578740951476,-0.24545981831883354,0.3789702137675544,0.2867543432635295,0.09667731194551703
Belgium,-0.36913544761646366,1.3632806139619023,-0.19201472230431454,0.6884093542422193,-0.21777988033655368
India,0.04647536251373617,-0.7170449109728705,0.22437693589083005,0.42468171266100246,0.5356420337141151
Colombia,-0.4025981521337584,0.2599340294862736,-0.2031639797658397,0.312293545552544,0.02494504489189625
Israel,-0.07172907103969023,0.026644002260545255,0.7667671408024268,0.0014273791355498184,-0.1419782978253983
Canada,1.4358778187847894,-0.5206405392062521,0.33753342826645993,-0.1961764453919538,0.20667013936301068
Norway,-0.07610522466873125,-0.5347836253995414,0.4423082238334117,0.4214628353534076,0.5733204583528845
Mexico,0.10638341781615442,-0.3626076898997376,-0.06630651353983434,0.10423916914293958,-0.24781432142531665
Finland,-0.5334972891427556,0.12510114432511452,-0.0028114943890843944,0.08153913239645448,0.12133667720846487
Serbia,-0.27122563690873125,1.0376756069073192,0.05340144784320647,-0.08569404971056271,-0.6043626746451001
Peru,-0.4828932394008309,0.40041032322822956,-0.4850920241872771,0.17162848526357974,-0.7213067003169602
Sweden,-0.3754692909225521,-0.6051417714339238,-0.20635479009126217,-0.32638913143843057,0.26199861662786667
Netherlands,1.0130627396451461,-0.08995088229177085,0.3370074245811901,-0.02696253863676829,0.1533868637768501
Portugal,-0.44035293501056444,0.9355525761408259,-0.5922674529350969,-0.1340183954156171,-0.6896287413660369
Denmark,-0.44563042703664263,0.14427494222955553,0.052960676882975184,-0.19096300008521758,0.27327924696985056
Italy,-0.06412148626735902,-0.09647998357097234,0.22004701233009694,-0.22675675159182354,-0.12948891632027626
Estonia,0.003386001098497654,-0.12460921048937572,0.01791260256416935,-0.3488058330453753,-0.010473745217618144
Ireland,-0.6751247822335243,1.044860039603384,-0.6896817871363724,0.29140372404587284,-0.3963929932478412
New Zealand,-0.2625595273626634,-0.9081267446673903,0.29477255006830144,-0.3308154263340693,0.5448744497241192
Chile,-0.7700777192241485,0.7187196781601837,-0.8593106920649961,-0.3667770170146305,-0.5901853270458566
OECD,-0.013107990389446874,-0.8980727381319252,-0.1767794957447935,-0.3843396543237418,0.48898347670909464
Czech Republic,-0.2826616007855484,1.168019680499871,-0.4924838778228594,-0.3329515837645551,-0.7662731246050335
Slovenia,-0.007129748137679718,0.7590950353201518,-0.6675886656113514,-0.4300349087229152,-0.4646804317978999
Egypt,-0.860471811073112,0.32502534013993506,-0.3384726064928337,-0.45103851268025275,-0.12050197726328304
Thailand,0.30622038246680794,-0.6356078096425402,-0.623154434222021,0.361775365764989,0.32748266061516146
Argentina,1.1838288875878853,-0.06616611784138401,0.44069025155058206,0.17148701029434366,0.008611860254573242
Korea (Republic of),-0.09415375111576951,0.30735695409534475,-0.19347427605636047,-0.3223059568347891,-0.2557351917725103
Romania,-0.4927939059392578,1.4989939529722556,-0.9304124893834453,-0.35100866967114336,-1.2258321248226967
Russia,0.46314910297337786,1.1556848002135427,-0.061110286316481466,-0.5498015326488567,-1.1555844715269614
Costa Rica,1.593836183827888,-0.43181365244584424,0.333263063226373,0.4593547214876654,-0.13273601721209602
Latvia,-0.8168032375824514,-0.034317898147372405,0.2803294291352523,-0.25123270320660235,-0.30303313349594546
United Arab Emirates,-0.5284363028791488,1.4583572489172598,-0.8343455162302607,-0.4820802816317978,-0.5193055796805998
Global Partnership on Artificial Intelligence,-1.2643624945052199,0.7178054222612713,-0.7651221628229279,-0.5903484181438842,-0.146827184338476
Kenya,-0.38804043536006455,0.12492570941478764,-0.6367502051082676,0.15929895364862703,-0.009082936988969429
Bulgaria,-0.49890718989710325,0.6858616245262645,-0.06343594055911013,-0.04240328568431084,-0.49214169338449326
Switzerland,0.7142526916568421,-0.6214740397878431,0.07808105104698014,-0.13188021892223062,0.12311036565429206
Vietnam,-0.41056398713255315,0.07559799907530441,-0.5463661806601284,-0.2190823148744406,-0.14455034006762194
Tunisia,2.9024536206760008,-1.9715074827697938,1.0420167168679693,-0.35633083111226665,0.5348648526025369
Ukraine,0.8466432177734531,-1.0820246617696225,0.48077357336389565,-0.38287059944554797,0.32972681268132503
Uruguay,-0.9508967323809568,0.49756072135955304,-0.08453295712829322,-0.4586985089692088,-0.45814818800571966
Luxembourg,-0.9806893455436568,0.8744640940307464,-0.026889989554230234,-0.6126291653022403,-0.13133175229087488
Rwanda,1.4751943304123794,-0.7277313963296854,1.3083497868310139,-0.6550927946354904,0.40674914086192104
Uzbekistan,-1.2643624945052199,1.9853731073720218,-0.10580415231996554,-0.698314703063977,-2.74685554813345
World Economic Forum,0.20609480866100602,-0.9924245186420472,0.5271069357189493,-0.3842470320196975,0.5356913217839643
Hungary,0.2489792884962098,0.4278501515432642,0.3718766988916679,-0.5221507379991034,-0.07416026143152477
Kazakhstan,1.2477121374873537,-0.28834081329116495,0.8524466442534573,-0.6364138086677539,-0.1566106668430567
Brazil,-1.2643624945052199,-0.5155205310275333,-0.039129285328097035,-0.649219152794413,-0.11914869653254496
Armenia,-1.2643624945052199,2.3603550306478676,-0.8324307298213829,-0.7230961381405233,-1.2143502698059214
Mauritius,0.9757616347571256,-1.362216380696082,0.48646787958424903,0.4167224125525646,0.18862384188108372
G7,-0.1900779067584644,-0.23804912005181617,-0.4169321158288356,0.1851204955898025,-0.043086680884459556
Slovakia,-0.4272615246015439,1.4959665530965616,-0.15931883011992573,0.0714773189434782,-0.46774177476827616
United Nations,-0.1407129053209934,-1.1988456476095233,-0.6047658665644792,-0.17882537392310938,0.17156945357529887
Iceland,2.815595335787658,-1.0619230897014489,1.2675379384002157,-0.18457945881659418,0.6200032199498543
Poland,0.301708829816393,1.0132561045938844,0.23137462772852027,-0.5154393401919686,-0.6185988547227133
Greece,-0.7598153789627713,0.6077657207917762,-1.126596975550541,-0.6938159718899967,-0.7798087753517894
Uganda,-0.4105135297410753,0.264867812341671,-1.1497863988365375,-0.719709353910678,0.40461903593391035
Indonesia,-0.774455653751077,0.1892928634847261,-0.3731941646180864,1.2695666554559886,-0.4703054937539679
Cyprus,-0.8480603094003998,0.2327119982500158,-0.44440800495680266,0.3151057868986246,-0.22473735038307266
Lithuania,-0.48190006304347616,0.1431943609561497,-0.3058946512404711,-0.43222867616535227,-0.016643494970539147
African Union,-0.4266238875668141,-2.1548268623817117,0.8146972181084635,-0.4826107747988788,1.1958600816671545
Council of Europe,-0.8725964989075536,-2.1905501516971198,0.8292599065098969,-0.5413898898713264,1.4965194290568242
Nigeria,1.4151258098352837,-2.182661258639967,1.1058377892888545,-0.56937994466773,0.5189702295955905
Croatia,2.382878374158093,-0.895709723950992,-0.5268027157446187,-0.6337570706994584,0.3496545272845471
Morocco,-0.8203610328278645,1.1701182906499483,-0.08710967658021845,-0.7093302186497482,-0.571379901845486
Malaysia,,2.420226094028045,0.461268469572635,-0.7401192789257922,-0.5592803243487762
